chromosome_name	start	stop	reference	variant
10	102900605	102900605	G	T
10	111011796	111011796	G	T
10	132135072	132135072	G	A
10	17321218	17321218	G	A
10	29490860	29490860	C	T
10	35196067	35196067	A	G
10	68970217	68970217	G	T
10	69202860	69202868	CCCCAAGGA	-
10	70752124	70752124	C	T
10	7705182	7705182	G	T
10	93076586	93076586	G	A
10	94279795	94279795	C	T
10	95683628	95683628	G	T
10	98209522	98209522	G	T
11	110237556	110237556	G	T
11	14294582	14294583	-	A
11	33085975	33085975	G	T
11	33542701	33542701	G	T
11	3811401	3811401	G	T
11	40116009	40116009	C	T
11	47806249	47806249	G	T
11	55343865	55343865	T	C
11	61123898	61123898	C	T
11	62663263	62663263	C	A
11	62692403	62692403	C	T
11	62796520	62796520	G	A
11	64623070	64623070	G	T
11	64878422	64878422	G	T
11	66056901	66056901	C	T
11	66626633	66626633	G	T
11	69054089	69054089	G	T
11	69643073	69643073	G	A
11	72243815	72243815	C	A
11	72583509	72583509	G	T
11	8624940	8624940	G	T
11	8697564	8697564	C	A
11	8730440	8730440	G	A
11	92857264	92857264	G	T
11	92866799	92866799	G	A
12	121761739	121761739	G	T
12	122557455	122557455	G	T
12	122753708	122753708	G	T
12	132508159	132508159	A	G
12	132808536	132808536	G	T
12	14423983	14423983	G	T
12	30630937	30630937	G	T
12	32878174	32878174	C	T
12	41016681	41016681	G	T
12	47791618	47791618	C	T
12	49022592	49022592	G	T
12	53119149	53119149	G	T
12	53192731	53192731	C	T
12	55721858	55721858	C	A
12	57765055	57765063	GGCCCAGGC	-
12	70892755	70892755	A	G
12	7150551	7150551	G	T
12	92781991	92781991	G	A
13	25097469	25097469	G	A
13	32239887	32239888	-	T
13	38856230	38856230	G	T
13	41192348	41192348	C	T
13	44959524	44959524	G	T
13	51739153	51739153	G	T
13	51937642	51937642	G	A
13	77083037	77083037	G	T
13	79365694	79365694	T	G
13	79539776	79539776	G	T
14	100529188	100529188	C	T
14	105478779	105478779	C	A
14	105769462	105769462	G	A
14	20060542	20060542	G	T
14	22981678	22981694	GAGAATAGCCTGCCGGT	-
14	23323067	23323067	G	T
14	32092110	32092110	G	T
14	35123813	35123813	C	T
14	67593869	67593869	C	T
14	77469093	77469093	C	G
14	91283347	91283347	G	T
14	91305914	91305914	G	T
14	95116698	95116699	-	A
14	95686505	95686505	C	G
15	101642566	101642566	G	T
15	41049959	41049959	C	T
15	43364296	43364296	G	A
15	43558864	43558864	G	T
15	45100132	45100132	G	T
15	50543764	50543764	G	T
15	51966351	51966351	G	T
15	56666961	56666961	G	T
15	59669372	59669372	A	-
15	62260182	62260182	G	T
15	73443324	73443324	G	A
15	76203946	76203946	G	T
15	77037120	77037120	G	T
15	79090322	79090322	G	T
15	90467531	90467531	G	T
15	90910904	90910904	G	T
16	1509880	1509880	G	T
16	15622994	15622994	G	T
16	166407	166407	G	T
16	23491787	23491787	C	T
16	23544533	23544533	G	A
16	25693070	25693070	G	A
16	27444569	27444569	G	T
16	2762051	2762051	C	T
16	2967959	2967959	G	C
16	47650846	47650846	C	A
16	61825149	61825149	T	C
16	67540474	67540474	C	A
16	68357053	68357053	G	T
16	69339375	69339375	G	T
16	74480305	74480305	G	T
16	88631195	88631195	G	T
16	89280816	89280816	G	T
17	17796679	17796681	GCA	-
17	17804078	17804078	G	T
17	37389305	37389305	G	T
17	39407738	39407738	C	G
17	39712434	39712434	G	T
17	39908182	39908182	G	T
17	41118067	41118067	G	C
17	41118164	41118164	C	T
17	43941204	43941204	T	C
17	44359922	44359922	C	T
17	47816593	47816593	G	T
17	50461356	50461356	G	T
17	59666143	59666143	G	T
17	60057171	60057171	C	T
17	63535793	63535793	C	T
17	63825302	63825302	G	T
17	74367717	74367717	G	T
17	76009621	76009621	C	T
17	7673803	7673803	G	A
17	7675151	7675151	C	A
17	7884894	7884896	GAG	-
17	80476418	80476418	C	T
17	81936128	81936128	G	T
18	31900976	31900976	T	C
18	37274785	37274785	C	A
18	53179030	53179030	C	T
18	74633831	74633831	G	T
19	1036068	1036068	G	T
19	17219700	17219700	G	T
19	18161171	18161171	G	A
19	19182681	19182681	G	T
19	19655635	19655635	A	G
19	21808833	21808833	C	A
19	22756773	22756773	C	A
19	29674383	29674383	G	T
19	38164686	38164686	C	T
19	39391418	39391418	G	A
19	40395114	40395114	G	T
19	43465501	43465503	AGC	-
19	44891602	44891602	G	T
19	45638576	45638576	G	T
19	47358005	47358005	G	T
19	48014309	48014309	G	T
19	49819235	49819235	G	T
19	51520174	51520174	G	T
19	53109819	53109819	G	T
19	55792317	55792317	G	T
19	5733959	5733959	G	T
19	58066936	58066936	C	A
1	102890470	102890470	G	T
1	109162003	109162003	G	T
1	109626376	109626376	G	T
1	151315812	151315812	G	T
1	151800936	151800936	G	T
1	155338137	155338137	G	T
1	156871749	156871749	G	A
1	157798221	157798221	G	T
1	16017098	16017098	G	T
1	161525316	161525316	G	C
1	169921741	169921741	C	T
1	181049276	181049276	G	T
1	202155580	202155580	C	T
1	205810152	205810152	G	T
1	21828405	21828405	G	T
1	228377972	228377972	G	T
1	230958305	230958305	A	-
1	2372585	2372585	G	T
1	245698186	245698186	G	A
1	26294193	26294193	G	A
1	30945436	30945436	T	C
1	36467947	36467947	G	A
1	37569266	37569266	C	A
1	45006070	45006070	G	T
1	51302160	51302160	G	A
1	7670977	7670977	G	T
1	7778130	7778130	G	T
1	89262231	89262231	G	T
1	90716587	90716587	G	T
20	23370133	23370133	G	T
20	23397141	23397141	G	T
20	25418128	25418128	G	T
20	3147885	3147885	G	T
20	31783835	31783835	G	T
20	35478026	35478026	G	T
20	3578656	3578656	G	T
20	41404839	41404839	C	A
20	46126665	46126665	C	T
20	49013846	49013846	G	T
20	51009744	51009744	G	T
20	56004029	56004029	G	A
20	56636609	56636609	G	T
20	59747779	59747779	G	T
20	62813188	62813188	A	C
20	62962734	62962734	G	T
21	33488528	33488528	T	A
21	41741851	41741851	C	T
21	44574541	44574541	C	A
22	16592138	16592138	G	A
22	25846247	25846247	G	T
22	29049831	29049833	CAG	-
22	39513680	39513680	G	T
22	46533808	46533808	G	A
22	46658285	46658285	G	T
22	50220737	50220737	T	C
22	50454937	50454937	C	T
2	105361425	105361425	C	T
2	108010697	108010697	G	T
2	121347073	121347073	G	T
2	135350025	135350025	T	C
2	150474945	150474945	G	T
2	152636560	152636560	G	T
2	168247286	168247287	-	GCCGGG
2	178579208	178579208	G	T
2	195864360	195864360	T	A
2	201271537	201271539	AGA	-
2	202788863	202788863	C	T
2	211702044	211702044	G	T
2	219492218	219492218	G	T
2	224770277	224770277	G	T
2	225582568	225582568	C	T
2	227028012	227028013	-	A
2	229591644	229591644	G	T
2	230328756	230328756	G	T
2	231528468	231528468	C	T
2	232549726	232549726	C	A
2	238130713	238130713	T	C
2	240018513	240018513	G	T
2	241468239	241468239	G	T
2	26230282	26230282	C	T
2	26934595	26934595	G	T
2	38960328	38960328	C	T
2	53853854	53853854	G	T
2	69193380	69193380	C	A
2	70809738	70809738	C	T
2	73269452	73269466	GCGGCGGCGGCGGCC	-
2	74211866	74211866	G	T
2	74506037	74506037	C	T
2	80303162	80303162	C	T
2	8736995	8736995	G	T
2	96691560	96691560	C	T
3	10067289	10067289	G	T
3	113658938	113658938	T	C
3	128971277	128971277	C	T
3	13496819	13496819	G	T
3	15735469	15735469	G	T
3	179218294	179218294	G	A
3	36833906	36833906	G	T
3	37629308	37629308	A	G
3	4410887	4410887	G	T
3	4683465	4683465	G	T
3	47004992	47004992	C	A
3	49792483	49792483	C	T
3	50093771	50093771	G	T
3	52345688	52345688	G	T
3	85961479	85961479	G	T
4	140662090	140662090	C	T
4	144001283	144001283	T	G
4	146909089	146909089	G	A
4	150282625	150282625	G	T
4	153612272	153612272	G	T
4	15515867	15515867	G	T
4	185508396	185508396	G	T
4	22438375	22438375	C	A
4	26482035	26482035	C	T
4	271788	271788	T	G
4	2742454	2742454	C	T
4	4226662	4226662	A	T
4	75771091	75771091	G	T
4	78333370	78333370	C	T
4	8027780	8027780	G	T
4	955466	955466	G	T
4	9782314	9782314	G	T
4	99513131	99513131	G	A
4	99621198	99621198	G	T
5	102399668	102399668	T	G
5	108867871	108867871	C	G
5	115525540	115525540	T	A
5	119193901	119193903	ATG	-
5	143400391	143400391	G	T
5	146263632	146263632	G	T
5	150133651	150133651	G	T
5	172959904	172959904	C	T
5	177022878	177022878	C	T
5	79738248	79738248	G	T
6	109466259	109466259	G	T
6	116554133	116554133	G	T
6	123571070	123571070	C	T
6	139255488	139255488	G	T
6	158088766	158088766	G	T
6	160056454	160056454	G	T
6	166307506	166307506	G	T
6	30893287	30893287	G	T
6	31860170	31860170	G	T
6	33179483	33179483	G	A
6	36722560	36722560	G	T
6	42886040	42886040	G	T
6	50714104	50714105	-	T
6	56553442	56553442	G	T
6	73641913	73641913	G	T
7	103421480	103421480	G	A
7	107121990	107121990	G	T
7	111844807	111844807	G	T
7	111872483	111872483	C	A
7	113878426	113878426	G	T
7	120974758	120974758	G	T
7	122697802	122697802	G	T
7	123134470	123134470	G	T
7	123627181	123627181	G	A
7	123959890	123959890	C	A
7	127807489	127807489	G	C
7	144186981	144186981	G	C
7	144318512	144318512	C	T
7	152273774	152273774	C	T
7	21916787	21916803	GCAGCTCTCCTCTGACG	-
7	6508340	6508340	C	T
7	65954117	65954117	C	T
7	72694831	72694831	T	-
7	76261377	76261379	AAG	-
7	88283098	88283098	G	T
7	93105040	93105040	G	T
7	99411181	99411181	G	T
8	103378162	103378162	C	T
8	103401971	103401971	C	G
8	11852663	11852663	G	T
8	17118771	17118771	G	T
8	17589659	17589659	A	G
8	22070194	22070194	G	T
8	38289491	38289491	C	T
8	64581217	64581217	G	T
8	97691058	97691058	C	T
9	120980189	120980189	G	T
9	122855884	122855885	-	A
9	125028446	125028446	C	T
9	130911874	130911874	C	T
9	135821125	135821125	G	T
9	137040594	137040594	G	A
9	137087090	137087090	G	T
9	34723363	34723363	G	T
9	77922196	77922196	T	A
9	92415454	92415454	G	T
X	100402629	100402629	G	T
X	123428117	123428117	G	C
X	12886601	12886601	G	A
X	132214430	132214430	C	T
X	136232194	136232194	G	T
X	153862891	153862891	G	T
X	3089505	3089505	G	C
X	47586674	47586674	C	T
X	49122489	49122489	G	A
X	51407944	51407944	T	C
X	55488513	55488513	G	A
X	70240150	70240150	C	T
