chr	st	sp	ref	var	Normal.Exome_ref_count	Normal.Exome_var_count	Normal.Exome_VAF	Tumor.Exome_ref_count	Tumor.Exome_var_count	Tumor.Exome_VAF	Xenograft.Exome_ref_count	Xenograft.Exome_var_count	Xenograft.Exome_VAF	Vehicle1.Exome_ref_count	Vehicle1.Exome_var_count	Vehicle1.Exome_VAF	Vehicle2.Exome_ref_count	Vehicle2.Exome_var_count	Vehicle2.Exome_VAF	Vehicle3.Exome_ref_count	Vehicle3.Exome_var_count	Vehicle3.Exome_VAF	Tram1.Exome_ref_count	Tram1.Exome_var_count	Tram1.Exome_VAF	Tram2.Exome_ref_count	Tram2.Exome_var_count	Tram2.Exome_VAF	Tram3.Exome_ref_count	Tram3.Exome_var_count	Tram3.Exome_VAF	Tumor.RNA_ref_count	Tumor.RNA_var_count	Tumor.RNA_VAF	PT_Tumor.RNA_ref_count	PT_Tumor.RNA_var_count	PT_Tumor.RNA_VAF	Xenograft.RNA_ref_count	Xenograft.RNA_var_count	Xenograft.RNA_VAF	Vehicle1.RNA_ref_count	Vehicle1.RNA_var_count	Vehicle1.RNA_VAF	Vehicle2.RNA_ref_count	Vehicle2.RNA_var_count	Vehicle2.RNA_VAF	Vehicle3.RNA_ref_count	Vehicle3.RNA_var_count	Vehicle3.RNA_VAF	Tram1.RNA_ref_count	Tram1.RNA_var_count	Tram1.RNA_VAF	Tram2.RNA_ref_count	Tram2.RNA_var_count	Tram2.RNA_VAF	Tram3.RNA_ref_count	Tram3.RNA_var_count	Tram3.RNA_VAF	type	transcript_name	strand	trv_type	amino_acid_change	mapped_gene_name	ensembl_gene_id
1	10375334	10375334	G	A	76	0	0	71	0	0	29	10	25.64	81	24	22.64	61	16	20.51	60	17	21.79	60	22	26.51	41	16	28.07	94	15	13.76	56	0	0	136	11	7.48	73	23	23.96	68	17	20	53	17	24.29	68	20	22.73	3	0	0	68	18	20.93	67	27	28.12	SNP	ENST00000620295	1	nonsense	p.W1776*	KIF1B	ENSG00000054523
1	108143718	108143719	-	A	43	0	0	39	7	15.22	34	1	2.86	45	2	4.26	33	0	0	49	1	2	44	0	0	41	3	6.82	90	1	1.1	2	0	0	6	0	0	2	0	0	0	0	0	2	0	0	0	0	0	2	0	0	0	0	0	0	0	0	INS	ENST00000264128	-1	splice_region_ins	e4-8	SLC25A24	ENSG00000085491
1	111447096	111447096	T	C	80	0	0	49	8	14.04	20	15	42.86	55	35	38.89	37	34	47.22	50	48	48.48	59	39	39	61	21	25.61	68	68	50	108	72	40	237	103	30.21	128	136	51.52	168	123	42.12	137	106	43.27	148	110	42.64	7	3	30	171	104	37.82	113	110	49.11	SNP	ENST00000449340	-1	missense	p.E101G	WDR77	ENSG00000116455
1	11999018	11999018	C	T	46	0	0	51	0	0	30	8	21.05	96	16	14.29	60	13	17.57	70	11	13.58	51	4	7.14	54	17	23.94	89	15	14.29	431	5	1.15	647	0	0	399	97	19.52	370	113	23.4	296	80	21.28	290	77	20.98	7	0	0	334	100	23.04	272	66	19.53	SNP	ENST00000235329	1	missense	p.R247C	MFN2	ENSG00000116688
1	161048195	161048195	G	-	144	0	0	96	27	21.95	69	50	42.02	157	103	39.62	138	67	32.68	135	67	33.17	150	79	34.5	164	42	20.39	160	119	42.65	52	0	0	58	7	10.77	4	0	0	4	0	0	0	1	100	2	0	0	0	0	0	3	0	0	5	1	16.67	DEL	ENST00000368013	-1	frame_shift_del	p.K943fs	ARHGAP30	ENSG00000186517
1	176043797	176043797	G	A	50	1	1.96	28	1	3.45	19	0	0	47	0	0	40	0	0	38	0	0	51	0	0	60	3	4.76	48	12	20	387	0	0	550	0	0	117	0	0	60	10	14.29	55	0	0	67	0	0	195	0	0	89	0	0	87	2	2.2	SNP	ENST00000459744	-1	missense	p.T201I	RFWD2	ENSG00000143207
1	179996756	179996756	G	A	42	0	0	37	23	38.33	23	15	39.47	30	34	52.31	54	18	24.66	40	19	31.67	57	33	35.87	65	19	22.62	68	66	49.25	135	63	31.82	239	85	26.23	136	123	47.31	95	91	48.92	65	37	36.27	100	59	37.11	232	230	49.78	138	54	28.12	78	58	42.65	SNP	ENST00000367607	1	missense	p.R200Q	CEP350	ENSG00000135837
1	201808002	201808002	C	A	105	0	0	86	4	4.44	79	0	0	187	1	0.53	126	2	1.56	134	1	0.74	163	1	0.61	179	1	0.56	206	1	0.48	36	0	0	49	0	0	5	0	0	8	0	0	12	0	0	8	0	0	2	0	0	7	0	0	5	0	0	SNP	ENST00000367296	1	nonsense	p.S1233*	NAV1	ENSG00000134369
1	216083532	216083532	G	C	68	0	0	56	8	12.5	40	16	28.07	41	33	44.59	54	22	28.95	41	30	40.54	69	41	36.61	95	24	20	68	63	48.09	0	0	0	0	0	0	0	0	0	0	0	0	0	0	0	0	0	0	0	0	0	0	0	0	0	0	0	SNP	ENST00000307340	-1	missense	p.S1741C	USH2A	ENSG00000042781
1	40270083	40270083	T	A	64	0	0	41	4	8.89	18	13	41.94	52	18	25.71	29	32	52.46	36	19	34.55	24	26	52	47	15	24.19	64	39	37.86	216	127	36.71	320	134	29.52	231	207	47.05	160	121	42.91	110	108	49.54	155	133	46.18	389	378	49.22	146	137	48.24	116	132	52.8	SNP	ENST00000372759	1	missense	p.Y195N	ZMPSTE24	ENSG00000084073
1	40546772	40546780	ATAGAAGTT	-	171	0	0	98	30	23.44	59	45	43.27	90	52	36.62	59	39	39.8	61	37	37.76	78	61	43.88	97	37	27.61	73	70	48.95	22	0	0	19	0	0	16	0	0	9	0	0	7	0	0	2	0	0	24	0	0	16	0	0	8	0	0	DEL	ENST00000372699	1	in_frame_del	p.RSY151in_frame_del	ZNF684	ENSG00000117010
1	77287058	77287058	G	T	83	0	0	60	0	0	71	0	0	55	0	0	67	0	0	48	0	0	84	0	0	85	0	0	125	6	4.55	20	0	0	9	0	0	0	0	0	0	0	0	0	0	0	0	0	0	0	0	0	0	0	0	0	0	0	SNP	ENST00000354567	1	missense	p.V60L	AK5	ENSG00000154027
1	90027430	90027430	T	C	146	0	0	165	1	0.6	96	15	13.51	140	26	15.38	127	30	18.87	115	25	17.73	127	42	24.56	173	3	1.68	232	51	17.65	55	0	0	115	0	0	105	27	20.45	50	7	12.28	43	5	10.42	27	9	24.32	145	43	22.63	49	18	26.47	43	22	33.85	SNP	ENST00000340281	1	missense	p.I493T	ZNF326	ENSG00000162664
10	103590212	103590212	C	A	128	1	0.78	89	20	18.18	42	43	50.59	84	141	62.11	52	98	64.9	66	121	64.02	79	84	51.22	67	125	64.77	78	122	61	1	0	0	23	2	8	2	4	66.67	0	4	100	1	9	90	0	3	100	0	0	0	2	3	60	4	8	66.67	SNP	ENST00000369780	1	missense	p.T522N	NEURL1	ENSG00000107954
10	32911471	32911471	G	T	100	1	0.97	64	5	7.14	46	0	0	114	0	0	100	0	0	122	0	0	107	0	0	165	1	0.6	181	0	0	2736	0	0	2401	2	0.08	2379	2	0.08	1648	3	0.18	1483	1	0.07	1132	2	0.18	549	0	0	1061	1	0.09	1186	2	0.17	SNP	ENST00000423113	-1	nonsense	p.C636*	ITGB1	ENSG00000150093
10	45443421	45443421	C	T	143	0	0	128	40	23.67	39	55	58.51	97	149	60.57	53	124	69.27	50	102	67.11	65	110	62.86	63	194	75.19	97	169	63.3	39	0	0	49	2	3.92	1	1	50	0	0	0	0	0	0	0	0	0	0	0	0	1	1	50	0	1	100	SNP	ENST00000374391	1	missense	p.T486M	ALOX5	ENSG00000012779
10	49932102	49932102	G	A	82	0	0	84	3	3.45	43	1	2.27	55	1	1.75	49	5	9.26	54	1	1.82	46	1	2.08	102	4	3.77	108	6	5.17	121	57	32.02	246	73	22.67	227	100	30.58	99	23	18.85	102	31	23.31	107	33	23.57	55	12	17.91	106	42	28.38	114	43	27.39	SNP	ENST00000402038	-1	missense	p.R485W	PARG	ENSG00000227345
10	49932158	49932158	C	T	86	0	0	97	3	3	58	1	1.69	66	1	1.49	57	4	6.56	59	0	0	65	1	1.52	120	4	3.23	119	1	0.83	116	32	21.62	260	42	13.91	249	62	19.94	98	18	15.38	110	18	14.06	121	24	16.55	44	4	8.33	122	20	14.08	111	26	18.98	SNP	ENST00000402038	-1	missense	p.R466Q	PARG	ENSG00000227345
10	73426061	73426084	CACATGGGAAGCACCAACCACATG	-	114	0	0	82	3	3.53	33	5	13.16	110	12	9.84	61	11	15.28	80	12	13.04	81	14	14.74	142	15	9.55	94	20	17.54	3	0	0	31	0	0	5	0	0	1	0	0	0	0	0	3	0	0	0	0	0	1	0	0	7	0	0	DEL	ENST00000299432	-1	in_frame_del	p.HVVGASHV266in_frame_del	MSS51	ENSG00000166343
10	74981840	74981840	A	C	53	0	0	57	0	0	17	0	0	42	12	22.22	29	10	25.64	26	10	27.78	35	17	32.69	36	17	32.08	66	3	4.35	36	0	0	86	0	0	43	0	0	19	2	9.52	12	0	0	14	7	33.33	93	0	0	31	17	35.42	23	0	0	SNP	ENST00000287239	1	missense	p.N762T	KAT6B	ENSG00000156650
10	97865653	97865653	G	A	373	0	0	253	59	18.85	95	11	10.38	169	33	16.34	91	23	20	106	26	19.55	104	23	17.83	167	53	23.98	153	33	17.74	4	1	20	2	2	50	0	0	0	0	1	100	2	0	0	0	0	0	0	0	0	0	0	0	1	0	0	SNP	ENST00000370602	1	missense	p.G153S	GOLGA7B	ENSG00000155265
11	5351731	5351731	C	A	114	0	0	73	29	28.43	2	44	95.65	0	47	100	0	49	100	0	42	95.45	0	56	100	0	72	97.3	0	87	98.86	0	0	0	0	0	0	0	0	0	0	0	0	0	0	0	0	0	0	0	0	0	0	0	0	0	0	0	SNP	ENST00000380219	1	missense	p.T75K	OR51B6	ENSG00000176239
11	64317143	64317143	C	A	146	0	0	79	17	17.71	43	13	23.21	111	49	30.63	101	45	30.82	55	31	35.23	79	32	28.83	54	35	38.89	102	42	29.17	1273	365	22.24	1382	164	10.59	1153	375	24.54	738	264	26.35	679	242	26.25	763	280	26.85	4	3	42.86	584	236	28.78	428	175	28.97	SNP	ENST00000544844	-1	missense	p.R62L	TRMT112	ENSG00000173113
11	70088037	70088037	G	A	128	0	0	85	0	0	89	0	0	299	0	0	176	4	2.22	188	0	0	212	32	13.11	233	0	0	304	0	0	130	1	0.76	191	0	0	45	1	2.17	21	0	0	11	0	0	11	6	35.29	1	0	0	41	3	6.82	20	0	0	SNP	ENST00000355303	1	missense	p.E132K	ANO1	ENSG00000131620
12	109088424	109088424	C	T	73	0	0	75	10	11.76	27	16	37.21	99	24	19.2	37	30	44.78	66	29	29.9	76	36	31.86	63	35	35	100	53	34.42	65	12	15.58	97	18	15.65	115	45	28.12	59	22	27.16	43	37	46.25	80	33	29.2	0	0	0	85	32	27.35	49	17	25.76	SNP	ENST00000343075	-1	missense	p.G190S	ALKBH2	ENSG00000189046
12	11393567	11393567	G	C	627	0	0	889	100	10.05	755	79	9.35	1164	166	12.35	874	104	10.54	932	132	12.18	1322	176	11.62	1466	181	10.92	1549	193	10.98	1	0	0	0	0	0	0	0	0	1	0	0	1	0	0	0	0	0	0	0	0	0	0	0	0	0	0	SNP	ENST00000389362	-1	missense	p.R171G	PRB2	ENSG00000121335
12	11393569	11393569	G	T	615	5	0.8	884	110	10.99	739	87	10.46	1147	180	13.47	869	112	11.36	936	144	13.22	1312	198	13.06	1437	194	11.8	1538	205	11.68	1	0	0	0	0	0	0	0	0	1	0	0	1	0	0	0	0	0	0	0	0	0	0	0	0	0	0	SNP	ENST00000389362	-1	missense	p.S170Y	PRB2	ENSG00000121335
12	119151156	119151156	C	T	74	0	0	65	9	12.16	29	22	43.14	61	23	27.38	48	15	23.81	39	12	23.53	58	23	28.4	75	22	22.68	82	24	22.64	0	0	0	0	0	0	0	0	0	0	0	0	0	0	0	0	0	0	0	0	0	0	0	0	0	0	0	SNP	ENST00000267260	1	nonsense	p.R406*	SRRM4	ENSG00000139767
12	20370133	20370133	C	G	73	0	0	134	13	8.84	123	0	0	303	0	0	245	3	1.2	210	0	0	262	1	0.38	245	0	0	367	2	0.54	61	0	0	161	0	0	9	0	0	0	0	0	0	0	0	0	0	0	0	0	0	0	0	0	0	0	0	SNP	ENST00000359062	1	missense	p.I283M	PDE3A	ENSG00000172572
12	27401288	27401288	G	A	56	0	0	62	0	0	66	0	0	113	0	0	92	0	0	72	0	0	147	3	1.97	142	1	0.69	165	16	8.84	425	0	0	183	0	0	419	0	0	312	40	11.36	306	1	0.32	138	0	0	1037	1	0.1	187	0	0	179	22	10.89	SNP	ENST00000266503	1	missense	p.E398K	ARNTL2	ENSG00000029153
12	39294485	39294485	T	C	59	0	0	41	7	14.58	22	3	12	52	21	28.77	33	15	31.25	39	15	27.78	49	19	27.54	54	22	28.95	92	36	27.91	48	25	34.25	52	6	10.34	58	25	30.12	47	19	28.79	42	19	31.15	46	7	13.21	83	55	39.86	46	17	26.98	23	12	34.29	SNP	ENST00000361418	-1	missense	p.N1655S	KIF21A	ENSG00000139116
12	79786453	79786453	T	C	33	0	0	18	0	0	12	3	20	21	6	22.22	17	10	37.04	21	9	29.03	16	10	38.46	30	14	31.11	38	17	30.36	243	32	11.64	309	73	19.06	157	67	29.91	117	47	28.66	66	41	38.32	77	49	38.89	299	116	27.95	108	58	34.94	92	54	36.99	SNP	ENST00000261207	-1	missense	p.N943S	PPP1R12A	ENSG00000058272
13	102858381	102858381	C	G	88	0	0	80	40	33.33	4	37	90.24	0	66	100	0	59	98.33	0	53	100	0	88	100	1	95	98.96	0	115	100	61	35	36.46	127	124	49.4	1	128	99.22	0	64	100	1	47	97.92	0	58	100	0	164	100	0	78	97.5	0	89	100	SNP	ENST00000355739	1	missense	p.T212S	ERCC5	ENSG00000134899
13	28405900	28405900	A	-	23	0	0	24	1	4	16	0	0	26	0	0	11	0	0	14	1	6.67	22	0	0	34	1	2.86	32	6	15.79	1	0	0	0	0	0	2	0	0	0	0	0	0	0	0	0	0	0	0	0	0	0	0	0	0	0	0	DEL	ENST00000282397	-1	splice_region_del	e11-6	FLT1	ENSG00000102755
13	30280097	30280097	C	T	70	0	0	45	0	0	22	0	0	26	5	16.13	30	5	14.29	39	4	9.09	46	0	0	44	1	2.22	60	0	0	90	0	0	98	0	0	33	0	0	25	0	0	7	5	41.67	11	0	0	8	1	11.11	13	0	0	17	0	0	SNP	ENST00000380615	-1	missense	p.A97T	KATNAL1	ENSG00000102781
13	32443376	32443376	G	T	63	0	0	58	3	4.92	30	0	0	69	0	0	58	1	1.69	77	1	1.28	76	3	3.8	74	0	0	117	0	0	28	0	0	101	0	0	33	0	0	21	0	0	10	0	0	8	0	0	19	0	0	18	0	0	21	0	0	SNP	ENST00000399396	-1	missense	p.S387R	N4BP2L2	ENSG00000244754
13	98385675	98385675	C	A	51	0	0	55	3	5.17	18	0	0	56	0	0	48	0	0	35	0	0	56	1	1.72	57	0	0	61	0	0	113	1	0.88	246	0	0	68	0	0	80	0	0	82	1	1.2	91	0	0	42	0	0	91	1	1.09	89	0	0	SNP	ENST00000319562	1	missense	p.T207K	FARP1	ENSG00000152767
14	31457378	31457378	G	A	139	2	1.42	115	10	8	65	4	5.8	179	5	2.69	132	0	0	122	12	8.89	128	7	5.15	139	0	0	187	5	2.6	41	8	16.33	109	5	4.39	132	3	2.21	66	2	2.94	54	1	1.82	51	3	5.56	2	1	33.33	46	6	11.54	51	10	16.39	SNP	ENST00000310850	-1	missense	p.R6W	DTD2	ENSG00000129480
14	52268568	52268568	G	A	160	0	0	128	1	0.78	70	29	29.29	139	60	29.85	89	45	32.85	84	40	31.75	120	48	28.57	146	44	23.16	152	39	20.21	7	0	0	6	0	0	0	0	0	0	0	0	0	0	0	0	0	0	0	0	0	0	0	0	0	0	0	SNP	ENST00000306051	1	missense	p.E252K	PTGDR	ENSG00000168229
15	22943192	22943192	C	T	98	0	0	64	16	19.75	42	29	40.85	100	77	43.26	51	39	41.49	50	56	52.83	69	55	44	64	31	32.63	108	65	37.57	366	116	24.07	579	201	25.74	358	380	51.49	300	318	51.46	290	258	47.08	307	262	46.05	11	27	71.05	287	276	48.94	250	244	49.39	SNP	ENST00000610365	-1	missense	p.D184N	CYFIP1	ENSG00000273749
15	40754687	40754687	G	T	192	0	0	145	7	4.61	121	0	0	269	0	0	154	0	0	163	2	1.2	212	1	0.47	153	0	0	265	1	0.37	86	0	0	198	0	0	162	0	0	131	0	0	111	0	0	127	0	0	0	0	0	131	0	0	129	0	0	SNP	ENST00000260385	-1	missense	p.Q33K	RMDN3	ENSG00000137824
15	43206282	43206283	TG	-	53	0	0	38	2	5	45	0	0	64	4	5.88	45	6	11.76	66	4	5.71	80	3	3.61	55	1	1.79	82	3	3.53	0	0	0	1	0	0	0	0	0	0	0	0	0	0	0	0	0	0	0	0	0	0	0	0	0	0	0	DEL	ENST00000565459	-1	frame_shift_del	p.H130fs	EPB42	ENSG00000166947
15	51900252	51900252	C	T	78	0	0	56	14	20	29	27	48.21	60	61	50.41	40	22	34.38	35	42	53.85	43	45	49.45	39	34	46.58	97	52	34.67	302	186	38.04	374	194	34.09	439	272	38.26	279	215	43.52	196	145	42.4	193	154	44.38	314	302	48.95	269	203	42.74	180	204	53.12	SNP	ENST00000560549	1	missense	p.A139V	TMOD3	ENSG00000138594
15	61942050	61942051	-	A	88	0	0	64	6	8.57	35	14	28.57	49	21	30	42	19	31.15	46	30	39.47	57	41	41.84	51	29	36.25	72	78	52	168	20	10.64	354	30	7.81	145	63	30.29	36	11	23.4	25	5	16.67	48	14	22.58	135	20	12.9	64	20	23.81	79	8	9.2	INS	ENST00000261517	-1	frame_shift_ins	p.Q1723fs	VPS13C	ENSG00000129003
15	65329060	65329060	G	A	111	0	0	98	17	14.78	66	44	40	175	99	36	80	54	40	99	52	33.99	125	91	41.94	94	42	30.66	169	121	41.44	0	0	0	0	0	0	0	1	100	0	0	0	0	0	0	0	0	0	0	0	0	0	0	0	0	0	0	SNP	ENST00000327987	-1	missense	p.T765M	IGDCC3	ENSG00000174498
15	77614426	77614426	G	A	160	0	0	132	33	20	71	30	29.7	198	98	33.11	95	63	39.38	102	47	31.54	121	51	29.65	89	48	35.04	198	69	25.65	2	0	0	5	0	0	0	0	0	0	0	0	0	0	0	1	0	0	0	0	0	0	0	0	0	1	100	SNP	ENST00000355300	-1	missense	p.T494M	LINGO1	ENSG00000169783
15	81345017	81345018	GA	-	82	3	3.53	71	9	11.25	57	2	3.39	114	6	5	85	5	5.56	74	9	10.84	102	9	8.11	93	12	11.43	185	11	5.61	0	0	0	0	0	0	0	0	0	0	0	0	0	0	0	0	0	0	0	0	0	0	0	0	0	0	0	DEL	ENST00000359440	-1	splice_region_del	e13-6	TMC3	ENSG00000188869
15	88531378	88531378	C	T	151	0	0	104	0	0	105	0	0	154	12	7.23	128	6	4.44	121	20	13.89	181	0	0	141	0	0	260	1	0.38	10	0	0	39	0	0	13	0	0	3	0	0	2	0	0	6	0	0	0	0	0	16	0	0	18	0	0	SNP	ENST00000268148	-1	missense	p.D110N	DET1	ENSG00000140543
15	89584453	89584453	G	C	101	0	0	63	0	0	85	0	0	116	13	10.08	91	0	0	100	1	0.99	144	1	0.68	92	0	0	155	39	20	17	0	0	32	0	0	49	0	0	26	6	18.75	30	0	0	31	0	0	0	0	0	23	0	0	14	0	0	SNP	ENST00000268138	1	missense	p.E368Q	TICRR	ENSG00000140534
16	1768202	1768202	A	G	164	2	1.2	121	49	28.82	37	64	63.37	153	263	62.92	74	149	66.82	61	115	65.34	69	136	64.76	67	136	66.34	121	184	60.33	26	18	40.91	44	23	34.33	11	18	62.07	17	32	65.31	9	22	70.97	11	22	64.71	0	0	0	10	17	62.96	8	35	81.4	SNP	ENST00000610761	1	missense	p.N1189S	MAPK8IP3	ENSG00000138834
16	20341173	20341173	A	C	132	1	0.75	66	21	23.86	35	50	58.82	68	87	56.13	31	52	62.65	35	67	65.69	48	83	63.36	61	76	54.68	54	98	64.47	0	0	0	0	0	0	0	0	0	0	0	0	0	0	0	0	0	0	0	0	0	0	0	0	0	0	0	SNP	ENST00000302509	-1	missense	p.F499V	UMOD	ENSG00000169344
16	4743145	4743145	C	A	43	0	0	35	1	2.78	5	0	0	43	0	0	29	0	0	20	0	0	27	4	12.9	38	0	0	49	0	0	2	0	0	3	0	0	0	0	0	0	0	0	0	0	0	0	0	0	0	0	0	0	0	0	0	0	0	SNP	ENST00000299320	1	missense	p.H296N	C16orf71	ENSG00000166246
17	41394885	41394885	T	A	230	0	0	276	54	16.31	136	51	27.27	228	65	22.11	156	58	26.73	121	64	34.22	204	70	25.45	225	70	23.65	268	105	28.07	2	10	83.33	25	12	32.43	47	6	11.32	11	2	15.38	19	7	26.92	6	2	25	0	0	0	16	11	40.74	23	3	11.54	SNP	ENST00000251645	-1	missense	p.N354Y	KRT31	ENSG00000094796
17	7503237	7503237	G	A	120	0	0	71	10	12.35	42	34	44.74	118	56	32	71	60	45.45	83	53	38.41	83	51	38.06	94	68	41.98	106	95	47.03	66	21	24.14	144	63	30.43	76	71	48.3	50	49	49.49	42	32	43.24	104	90	46.39	1	6	85.71	57	59	50.43	79	82	50.93	SNP	ENST00000617998	1	missense	p.R958Q	POLR2A	ENSG00000181222
17	7675095	7675095	C	A	99	0	0	39	26	40	0	76	100	1	241	98.77	3	111	96.52	2	132	97.78	3	111	96.52	0	110	100	3	206	98.56	41	50	54.95	61	179	73.97	5	81	94.19	0	151	100	0	168	98.25	0	204	100	0	3	100	0	222	100	0	148	100	SNP	ENST00000504937	-1	missense	p.V41L	TP53	ENSG00000141510
17	80346604	80346604	G	T	127	0	0	50	27	35.06	4	36	90	0	128	100	0	88	100	0	88	100	0	95	100	1	118	98.33	1	132	98.51	70	46	39.66	191	118	38.06	2	72	97.3	0	36	100	0	51	100	0	44	100	0	0	0	0	41	97.62	0	54	100	SNP	ENST00000582970	1	missense	p.V2757F	RNF213	ENSG00000173821
18	78992547	78992547	C	A	232	0	0	157	23	12.78	10	59	85.51	0	202	99.02	3	78	96.3	0	111	97.37	2	102	97.14	0	122	100	1	113	98.26	0	6	100	0	2	100	0	2	100	0	3	100	0	6	100	0	6	100	0	1	100	0	9	100	0	1	100	SNP	ENST00000537592	1	missense	p.R186S	SALL3	ENSG00000256463
19	11013011	11013011	C	A	78	0	0	46	5	9.8	16	10	38.46	46	34	42.5	23	21	46.67	20	27	57.45	37	26	41.27	27	28	50.91	47	32	40	60	41	40.59	147	68	31.63	46	36	43.9	74	60	44.78	69	48	41.03	91	65	41.67	1	1	50	68	61	47.29	88	62	41.33	SNP	ENST00000413806	1	missense	p.D843E	SMARCA4	ENSG00000127616
19	15165884	15165884	C	T	127	0	0	68	24	26.09	23	24	51.06	59	63	51.64	45	30	39.47	48	46	48.94	48	32	39.51	48	37	43.53	47	62	56.88	127	33	20.62	167	43	20.48	51	27	34.62	71	74	51.03	75	80	51.61	100	72	41.38	2	5	71.43	90	74	44.85	110	75	40.54	SNP	ENST00000263388	-1	missense	p.R1857Q	NOTCH3	ENSG00000074181
19	16627854	16627866	CGCGCGGCGGGTA	-	110	0	0	51	16	23.88	29	19	39.58	91	48	34.53	45	17	27.42	24	33	57.89	29	25	46.3	34	28	45.16	38	36	48.65	4	0	0	4	0	0	2	0	0	0	0	0	0	0	0	0	0	0	0	0	0	0	0	0	0	0	0	DEL	ENST00000263390	-1	splice_region_del	e1+6	MED26	ENSG00000105085
19	42916263	42916263	G	A	154	0	0	120	49	28.99	33	50	60.24	49	108	68.35	39	87	69.05	50	75	57.69	73	100	57.14	65	127	65.8	91	135	59.47	0	0	0	0	0	0	0	0	0	0	0	0	0	0	0	0	0	0	0	0	0	0	0	0	0	0	0	SNP	ENST00000601833	-1	nonsense	p.R26*	PSG6	ENSG00000170848
19	47048560	47048560	G	A	153	0	0	89	12	11.88	43	18	29.51	217	77	26.19	118	39	24.22	103	45	30	93	37	28.24	102	60	36.59	143	64	30.92	211	81	27.74	180	58	24.27	184	86	31.85	35	30	46.15	53	25	32.05	82	36	30.51	0	0	0	67	34	33.66	48	21	30.43	SNP	ENST00000253047	-1	missense	p.R19W	TMEM160	ENSG00000130748
19	52952797	52952797	T	C	446	0	0	194	78	28.68	65	164	71.62	132	211	61.34	104	192	64.65	107	204	65.38	126	260	67.01	134	215	61.6	175	314	63.82	38	8	17.39	37	27	42.19	27	44	61.97	14	24	63.16	15	15	50	24	21	46.67	5	11	68.75	24	26	52	15	37	71.15	SNP	ENST00000391786	-1	missense	p.I43V	ZNF816	ENSG00000180257
19	55621992	55621992	C	T	293	0	0	209	52	19.77	124	60	32.61	348	161	31.57	198	89	30.69	198	80	28.67	183	81	30.68	208	107	33.86	269	107	28.46	12	5	29.41	24	2	7.69	11	1	8.33	14	2	12.5	14	0	0	18	3	14.29	0	0	0	15	6	28.57	8	14	63.64	SNP	ENST00000325351	-1	missense	p.R244H	ZNF784	ENSG00000179922
19	57686973	57686973	G	A	151	0	0	114	29	20.28	28	57	67.06	38	88	69.84	41	103	71.03	44	78	63.93	37	77	67.54	49	87	63.5	68	110	61.8	12	29	70.73	45	42	48.28	22	22	50	20	17	45.95	8	11	57.89	15	12	44.44	5	13	72.22	12	27	69.23	11	18	62.07	SNP	ENST00000282296	1	missense	p.S233N	ZNF551	ENSG00000204519
19	8937087	8937087	C	A	65	1	1.52	44	6	12	15	11	42.31	36	28	43.75	21	16	42.11	24	19	44.19	27	14	34.15	33	23	41.07	30	39	56.52	4	0	0	19	15	44.12	2	12	85.71	0	0	0	0	2	100	3	4	57.14	5	9	64.29	10	6	37.5	20	20	50	SNP	ENST00000397910	-1	missense	p.D11290Y	MUC16	ENSG00000181143
2	157550278	157550278	G	A	58	0	0	33	25	43.1	0	35	100	0	120	100	1	72	98.63	0	96	98.97	2	95	95.96	1	109	99.09	1	194	98.98	0	13	100	4	6	60	0	28	100	0	18	100	0	17	100	0	7	100	0	26	100	0	14	100	0	20	100	SNP	ENST00000243349	-1	missense	p.A220V	ACVR1C	ENSG00000123612
2	165676348	165676348	A	T	59	0	0	36	19	34.55	3	28	90.32	0	49	100	0	53	100	0	47	95.92	0	50	100	0	53	100	0	113	100	6	0	0	35	0	0	1	2	66.67	0	2	100	0	0	0	0	0	0	0	0	0	0	2	100	0	1	100	SNP	ENST00000314499	1	missense	p.S149C	CSRNP3	ENSG00000178662
2	165991819	165991819	G	A	159	0	0	204	2	0.97	91	20	18.02	128	42	24.56	121	31	20.39	112	36	24.16	138	53	27.75	191	52	21.4	290	75	20.38	0	0	0	0	0	0	0	0	0	0	0	0	0	0	0	0	0	0	0	0	0	0	0	0	0	0	0	SNP	ENST00000303395	-1	missense	p.A1819V	SCN1A	ENSG00000144285
2	17655274	17655274	C	A	100	0	0	37	34	47.89	7	65	90.28	0	61	98.39	1	39	92.86	3	60	93.75	0	60	100	0	88	100	0	127	99.22	13	39	73.58	26	77	74.04	1	187	99.47	0	82	98.8	0	55	100	0	85	100	0	46	100	1	75	94.94	0	46	100	SNP	ENST00000295156	1	missense	p.D152E	VSNL1	ENSG00000163032
2	178620782	178620782	G	C	104	0	0	97	10	9.35	49	16	24.62	46	23	33.33	57	19	24.68	43	21	32.81	92	23	20	106	23	17.83	162	47	22.38	120	0	0	2715	12	0.44	23	6	20.69	2	0	0	4	0	0	0	0	0	2	4	66.67	0	1	100	1	0	0	SNP	ENST00000615779	-1	missense	p.N13635K	TTN	ENSG00000155657
2	196784889	196784890	-	T	62	0	0	63	7	10	34	2	5.56	55	0	0	67	0	0	44	1	2.22	74	2	2.63	92	1	1.08	121	3	2.42	183	11	5.67	227	0	0	69	0	0	27	2	6.9	25	0	0	29	0	0	91	4	4.21	20	2	9.09	29	0	0	INS	ENST00000263956	-1	frame_shift_ins	p.T361fs	GTF3C3	ENSG00000119041
2	203441211	203441211	G	A	83	0	0	53	3	5.36	21	0	0	69	0	0	47	0	0	51	0	0	32	0	0	47	0	0	92	0	0	0	0	0	0	0	0	2	0	0	0	0	0	0	0	0	0	0	0	0	0	0	0	0	0	0	0	0	SNP	ENST00000374493	-1	missense	p.A712V	RAPH1	ENSG00000173166
2	219283198	219283198	A	C	82	1	1.2	57	10	14.93	25	18	41.86	52	93	64.14	32	52	61.9	25	61	70.93	24	48	66.67	36	61	62.89	49	84	62.69	129	80	38.28	199	69	25.75	65	104	61.54	45	121	72.89	54	96	64	41	78	65.55	4	1	20	64	129	66.84	69	123	64.06	SNP	ENST00000336576	1	missense	p.T171P	DNAJB2	ENSG00000135924
2	36513558	36513558	G	A	71	0	0	52	20	27.78	11	11	47.83	26	37	58.73	20	17	44.74	20	24	54.55	25	29	53.7	17	25	59.52	45	53	54.08	118	77	39.49	169	110	39.43	45	91	66.91	67	98	59.39	50	110	67.9	53	38	41.76	1	4	80	34	66	66	69	112	61.54	SNP	ENST00000280527	1	missense	p.A595T	CRIM1	ENSG00000150938
2	48474820	48474821	-	T	67	0	0	40	0	0	36	0	0	45	9	16.67	35	6	14.63	65	3	4.41	27	26	49.06	40	12	23.08	90	0	0	12	0	0	22	0	0	16	0	0	1	0	0	2	0	0	1	0	0	3	0	0	3	0	0	0	0	0	INS	ENST00000294952	1	splice_site_ins	e12+1	PPP1R21	ENSG00000162869
20	25294191	25294191	C	T	78	0	0	74	37	33.33	32	39	54.93	71	81	52.94	64	54	45.38	51	38	41.76	89	41	31.54	82	50	37.88	91	84	48	330	507	60.5	547	957	63.59	754	700	48.11	506	388	43.3	598	393	39.5	564	429	43.07	10	7	41.18	555	420	42.9	526	437	45.33	SNP	ENST00000428458	1	missense	p.P156L	PYGB	ENSG00000100994
20	2658453	2658453	G	A	64	0	0	40	28	41.18	2	52	96.3	0	121	100	0	108	100	1	77	98.72	0	92	100	0	87	100	0	129	100	39	125	76.22	105	164	60.97	3	297	98.67	0	179	100	0	115	99.14	0	199	100	0	4	100	0	143	100	2	144	98.63	SNP	ENST00000380851	-1	missense	p.P381S	IDH3B	ENSG00000101365
20	41404854	41404865	GGAGAGGAACAT	-	79	0	0	46	32	41.03	7	51	87.93	9	83	90.22	15	71	82.56	16	52	76.47	14	50	78.12	16	87	84.47	20	117	85.4	26	0	0	71	0	0	5	0	0	0	0	0	0	0	0	0	0	0	0	0	0	1	0	0	2	0	0	DEL	ENST00000373233	-1	in_frame_del	p.MFLS2626in_frame_del	CHD6	ENSG00000124177
20	46210343	46210343	G	A	191	0	0	143	53	27.04	136	54	28.42	471	100	17.51	270	53	16.21	374	91	19.57	308	64	17.16	350	80	18.43	456	105	18.72	0	0	0	0	0	0	0	0	0	0	0	0	0	0	0	0	0	0	0	0	0	0	0	0	0	0	0	SNP	ENST00000372262	-1	missense	p.T417M	CDH22	ENSG00000149654
20	63688609	63688609	G	-	66	0	0	117	6	4.88	94	26	21.67	170	95	35.85	97	49	33.56	100	54	35.06	76	47	38.21	79	48	37.8	87	52	37.41	10	1	9.09	10	4	28.57	8	3	27.27	5	9	64.29	2	4	66.67	0	15	100	0	0	0	3	4	57.14	0	12	100	DEL	ENST00000622743	1	splice_region_del	e0+4	RTEL1-TNFRSF6B	ENSG00000026036
22	30346339	30346341	CTG	-	89	2	2.2	61	9	12.86	47	1	2.08	87	1	1.14	77	0	0	88	1	1.12	51	2	3.77	94	3	3.09	134	0	0	168	0	0	328	0	0	133	0	0	223	0	0	251	0	0	310	0	0	9	0	0	327	0	0	312	0	0	DEL	ENST00000215793	-1	in_frame_del	p.Q122in_frame_del	SF3A1	ENSG00000099995
3	157150065	157150065	C	A	61	0	0	84	0	0	64	0	0	78	1	1.23	73	0	0	66	0	0	102	0	0	120	0	0	176	10	5.32	393	0	0	597	0	0	487	0	0	137	0	0	127	1	0.78	127	0	0	433	0	0	144	0	0	144	4	2.7	SNP	ENST00000295926	-1	missense	p.K293N	CCNL1	ENSG00000163660
3	172251334	172251334	C	A	67	0	0	72	14	16.28	43	34	44.16	106	47	30.72	69	30	30	70	46	39.66	86	58	40.28	79	46	36.8	174	92	34.33	466	69	12.9	567	49	7.95	316	119	27.23	122	77	38.69	120	63	34.43	121	43	25.9	23	16	41.03	99	36	26.67	135	41	23.3	SNP	ENST00000336824	1	missense	p.L195M	FNDC3B	ENSG00000075420
3	184893246	184893246	G	T	57	0	0	100	0	0	72	0	0	115	0	0	112	2	1.75	80	1	1.23	130	1	0.76	120	7	5.51	223	3	1.33	29	0	0	41	0	0	42	0	0	6	0	0	5	0	0	9	0	0	27	0	0	15	0	0	17	0	0	SNP	ENST00000458721	1	missense	p.S82I	VPS8	ENSG00000156931
3	185926626	185926626	T	C	90	0	0	91	36	28.35	59	38	39.18	98	75	43.35	70	54	42.86	93	74	44.05	128	59	31.22	97	62	38.75	132	137	50.93	471	214	31.2	791	372	31.99	62	73	54.07	11	13	54.17	10	11	52.38	13	16	55.17	1	1	50	22	18	45	12	13	52	SNP	ENST00000453386	-1	missense	p.K49E	TRA2B	ENSG00000136527
3	46408340	46408340	C	G	69	0	0	38	15	28.3	0	29	100	0	44	100	0	43	100	0	21	100	0	53	98.15	0	48	97.96	0	57	100	19	0	0	15	0	0	0	0	0	0	0	0	0	0	0	0	0	0	0	0	0	0	0	0	0	0	0	SNP	ENST00000357392	1	missense	p.F99L	CCRL2	ENSG00000121797
3	49691197	49691197	C	G	72	0	0	42	20	32.26	2	14	87.5	0	40	100	0	29	100	0	38	97.44	0	44	100	0	38	100	0	57	100	20	25	54.35	45	45	50	2	39	95.12	0	23	100	0	39	100	0	33	100	0	2	100	0	37	100	0	44	100	SNP	ENST00000443204	1	missense	p.S11C	RNF123	ENSG00000164068
3	58155956	58155957	-	T	54	0	0	21	10	32.26	2	17	89.47	2	53	96.36	3	30	90.91	2	51	96.23	0	38	100	1	41	97.62	2	57	96.61	0	1	100	4	8	66.67	2	5	71.43	0	0	0	0	2	100	0	0	0	0	0	0	0	2	100	0	1	100	INS	ENST00000295956	1	splice_region_ins	e41-3	FLNB	ENSG00000136068
3	7306532	7306532	G	T	80	1	1.23	39	29	42.65	2	18	90	0	33	100	1	22	95.65	0	27	100	1	49	96.08	0	59	100	0	60	96.77	0	0	0	7	0	0	0	0	0	0	0	0	0	0	0	0	0	0	0	0	0	0	0	0	0	0	0	SNP	ENST00000467425	1	missense	p.V305F	GRM7	ENSG00000196277
4	154798063	154798063	G	T	58	0	0	46	15	24.59	0	12	100	0	31	100	0	26	100	0	22	100	0	36	100	0	47	100	0	70	100	0	0	0	0	0	0	0	0	0	0	0	0	0	0	0	0	0	0	0	0	0	0	0	0	0	0	0	SNP	ENST00000281722	1	missense	p.C135F	RBM46	ENSG00000151962
4	176148135	176148135	C	A	43	0	0	30	9	23.08	1	8	88.89	0	16	100	0	23	100	0	15	100	0	16	100	0	22	100	0	30	100	1	0	0	1	0	0	0	0	0	0	0	0	0	0	0	0	0	0	0	0	0	0	0	0	0	0	0	SNP	ENST00000280190	1	missense	p.T590N	WDR17	ENSG00000150627
4	189957407	189957407	G	C	59	0	0	33	2	5.71	30	5	14.29	42	8	16	44	5	10.2	41	3	6.67	43	16	26.23	51	8	13.56	49	9	15.52	361	0	0	398	0	0	193	0	0	136	0	0	88	0	0	93	0	0	311	0	0	133	0	0	113	0	0	SNP	ENST00000226798	1	missense	p.A148P	FRG1	ENSG00000109536
5	10981801	10981801	G	T	51	0	0	46	9	16.36	55	28	33.73	77	53	40.77	69	25	26.32	84	40	32	94	55	36.42	112	57	33.14	126	59	31.72	0	0	0	2	0	0	0	0	0	0	0	0	0	0	0	0	0	0	0	0	0	0	0	0	0	0	0	SNP	ENST00000458100	-1	missense	p.A225E	CTNND2	ENSG00000169862
5	140823805	140823805	C	A	190	0	0	196	7	3.41	162	2	1.21	345	0	0	248	0	0	220	0	0	294	2	0.67	248	0	0	453	1	0.22	1	0	0	0	0	0	0	0	0	0	0	0	0	0	0	0	0	0	0	0	0	0	0	0	0	0	0	SNP	ENST00000614258	1	missense	p.A677D	PCDHA5	ENSG00000204965
5	14476894	14476895	-	T	35	0	0	46	0	0	39	6	13.33	91	0	0	71	0	0	87	0	0	119	0	0	134	2	1.47	186	0	0	164	15	8.38	401	14	3.37	119	1	0.83	165	15	8.33	142	9	5.96	112	8	6.67	248	30	10.79	157	11	6.55	157	16	9.25	INS	ENST00000344204	1	frame_shift_ins	p.L2030fs	TRIO	ENSG00000038382
5	146251728	146251728	C	T	33	0	0	12	16	53.33	2	8	80	0	31	100	0	26	100	0	29	100	0	18	100	0	30	100	0	27	100	34	55	61.8	100	59	37.11	11	85	88.54	0	38	100	0	46	100	0	36	100	0	1	100	0	56	100	0	42	100	SNP	ENST00000265271	1	missense	p.R433C	RBM27	ENSG00000091009
5	150374783	150374783	C	T	203	0	0	167	0	0	104	1	0.95	321	34	9.52	191	6	3.02	185	18	8.87	200	0	0	197	0	0	279	0	0	80	0	0	76	0	0	38	0	0	94	0	0	91	2	2.15	95	0	0	2	1	33.33	49	0	0	54	0	0	SNP	ENST00000377797	1	missense	p.S417L	TCOF1	ENSG00000070814
5	159322497	159322497	T	A	33	0	0	33	13	28.26	4	18	81.82	0	41	97.62	0	24	100	0	26	100	0	42	97.67	0	47	100	0	46	100	0	0	0	0	2	100	0	0	0	0	0	0	0	0	0	0	0	0	0	2	100	0	0	0	0	0	0	SNP	ENST00000231228	-1	missense	p.T127S	IL12B	ENSG00000113302
5	177257067	177257068	-	T	90	0	0	32	15	31.91	0	23	100	1	39	97.5	5	38	88.37	1	28	96.55	4	39	90.7	2	49	96.08	3	70	95.89	40	19	32.2	148	44	22.92	6	57	90.48	2	41	95.35	0	39	100	1	36	97.3	0	18	100	1	35	97.22	3	33	91.67	INS	ENST00000439151	1	frame_shift_ins	p.M1628fs	NSD1	ENSG00000165671
6	138294073	138294073	C	A	86	0	0	57	3	5	30	0	0	114	0	0	107	0	0	74	0	0	109	1	0.9	145	1	0.68	147	0	0	3	0	0	29	0	0	10	0	0	0	0	0	2	0	0	3	0	0	0	0	0	5	0	0	4	0	0	SNP	ENST00000251691	1	missense	p.S1150Y	KIAA1244	ENSG00000112379
6	157174910	157174910	C	A	78	0	0	67	0	0	35	0	0	84	0	0	66	0	0	65	0	0	98	13	11.5	135	1	0.74	125	1	0.79	32	0	0	92	0	0	28	0	0	58	0	0	41	0	0	86	18	17.31	1	0	0	78	13	14.29	56	0	0	SNP	ENST00000414678	1	missense	p.P523T	ARID1B	ENSG00000049618
6	27309515	27309515	G	C	111	0	0	96	8	7.69	35	41	53.95	66	51	43.59	53	34	38.2	46	32	41.03	76	44	36.36	55	68	54.4	70	58	44.96	0	0	0	0	0	0	0	0	0	0	0	0	0	0	0	0	0	0	0	0	0	0	0	0	0	0	0	SNP	ENST00000444565	-1	missense	p.P886A	POM121L2	ENSG00000158553
6	30925701	30925701	A	T	155	1	0.64	81	60	42.55	2	121	98.37	0	312	99.68	2	202	98.54	2	233	97.08	2	186	98.94	5	230	97.87	1	297	99.33	13	26	66.67	27	24	47.06	2	41	95.35	0	20	95.24	0	13	100	0	26	100	0	0	0	0	32	100	0	26	100	SNP	ENST00000541562	1	missense	p.Q1011H	VARS2	ENSG00000137411
6	44250050	44250051	-	T	47	0	0	28	23	45.1	1	44	97.78	3	68	95.77	5	63	92.65	8	62	88.57	5	71	93.42	4	82	95.35	3	102	97.14	881	84	8.7	1732	89	4.89	114	256	69.19	8	93	92.08	7	122	94.57	6	103	94.5	6	53	89.83	3	85	96.59	4	69	94.52	INS	ENST00000353801	1	frame_shift_ins	p.L183fs	HSP90AB1	ENSG00000096384
7	11831822	11831822	G	A	206	0	0	207	58	21.64	46	89	64.49	117	225	65.6	65	138	67.65	81	108	56.25	89	190	68.1	145	228	60.96	145	201	58.09	13	0	0	4	0	0	9	0	0	0	0	0	0	0	0	0	0	0	0	0	0	0	0	0	0	0	0	SNP	ENST00000423059	-1	missense	p.P42L	THSD7A	ENSG00000005108
7	134568300	134568300	G	A	127	0	0	59	48	44.86	7	71	91.03	0	137	100	0	114	100	2	106	96.36	1	137	98.56	1	135	99.26	0	229	100	1	64	98.46	42	75	64.1	2	170	98.27	0	83	100	0	79	98.75	0	85	100	0	2	100	0	68	100	0	75	100	SNP	ENST00000423958	1	missense	p.R98Q	AKR1B15	ENSG00000227471
7	139614395	139614396	-	A	126	0	0	51	37	42.05	5	90	94.74	21	186	89.86	15	134	89.93	19	116	85.93	19	181	90.5	13	196	93.78	13	247	95	13	8	38.1	27	9	25	1	5	83.33	0	15	100	2	11	84.62	1	8	88.89	0	0	0	1	12	92.31	0	7	100	INS	ENST00000406875	-1	frame_shift_ins	p.M627fs	HIPK2	ENSG00000064393
7	15612397	15612397	G	A	70	0	0	63	9	12.5	26	11	29.73	34	12	26.09	44	19	29.69	47	13	21.67	53	15	22.06	49	18	26.87	60	25	29.41	14	0	0	64	0	0	9	0	0	0	0	0	0	0	0	0	0	0	0	0	0	0	0	0	0	0	0	SNP	ENST00000262041	-1	missense	p.A302V	MEOX2	ENSG00000106511
7	39085990	39085990	T	C	88	0	0	85	0	0	49	12	19.67	122	47	27.81	132	41	23.56	124	41	24.85	178	16	8.16	166	38	18.54	226	35	13.41	2	0	0	3	0	0	0	0	0	2	0	0	8	1	11.11	2	0	0	0	0	0	15	0	0	26	0	0	SNP	ENST00000403058	1	missense	p.V50A	POU6F2	ENSG00000106536
7	95592011	95592011	T	A	38	0	0	21	13	38.24	0	32	100	0	24	100	0	30	100	0	27	100	0	30	96.77	0	49	100	0	42	100	83	0	0	761	0	0	14	0	0	0	0	0	0	0	0	0	0	0	0	4	100	0	4	100	0	0	0	SNP	ENST00000005178	-1	missense	p.E224V	PDK4	ENSG00000004799
8	102560705	102560705	C	A	105	0	0	92	13	12.26	56	10	15.15	99	31	23.85	67	35	33.65	84	22	20.75	84	27	24.32	97	35	26.12	98	42	30	0	0	0	0	0	0	0	0	0	0	0	0	0	0	0	0	0	0	0	0	0	0	0	0	0	0	0	SNP	ENST00000285402	1	missense	p.L192I	ODF1	ENSG00000155087
8	113173898	113173898	C	A	49	0	0	47	9	16.07	9	9	50	36	20	35.71	23	18	43.9	27	29	51.79	37	38	50.67	43	43	50	41	45	52.33	0	0	0	0	0	0	0	0	0	0	0	0	0	0	0	0	0	0	0	0	0	0	0	0	0	0	0	SNP	ENST00000455883	-1	missense	p.C178F	CSMD3	ENSG00000164796
8	120455575	120455575	G	T	50	0	0	42	0	0	45	0	0	59	1	1.67	56	0	0	42	0	0	102	0	0	71	0	0	87	14	13.86	41	0	0	79	0	0	102	0	0	35	0	0	49	0	0	43	0	0	133	0	0	65	0	0	39	0	0	SNP	ENST00000523373	1	nonsense	p.E209*	MTBP	ENSG00000172167
8	134600546	134600546	C	T	111	0	0	102	0	0	57	0	0	105	15	12.4	67	10	12.99	45	7	13.21	84	4	4.44	77	42	35.29	131	5	3.62	26	0	0	64	0	0	50	0	0	25	1	3.85	21	0	0	25	1	3.85	34	0	0	28	0	0	21	0	0	SNP	ENST00000429442	-1	missense	p.V777I	ZFAT	ENSG00000066827
8	142300588	142300588	A	C	147	0	0	146	1	0.68	83	2	2.35	301	0	0	180	1	0.55	187	0	0	126	19	12.67	205	1	0.48	275	0	0	31	0	0	45	0	0	33	0	0	16	0	0	31	1	3.12	22	0	0	0	0	0	31	0	0	40	0	0	SNP	ENST00000307180	-1	missense	p.S397R	TSNARE1	ENSG00000171045
8	20250198	20250198	C	T	174	2	1.14	102	46	31.08	3	52	94.55	1	134	99.26	1	87	98.86	0	84	100	1	90	97.83	2	128	98.46	0	192	99.48	11	0	0	10	0	0	2	1	33.33	0	1	100	0	0	0	0	0	0	0	0	0	0	0	0	0	5	100	SNP	ENST00000522290	-1	missense	p.A439T	LZTS1	ENSG00000061337
9	121783538	121783538	T	C	71	0	0	76	1	1.28	49	0	0	138	0	0	72	0	0	78	1	1.23	94	0	0	71	23	24.47	135	0	0	51	0	0	83	0	0	29	0	0	96	0	0	75	0	0	41	0	0	6	0	0	45	0	0	71	0	0	SNP	ENST00000259371	1	missense	p.M1131T	DAB2IP	ENSG00000136848
9	131455152	131455152	C	T	55	0	0	30	8	21.05	16	15	48.39	19	51	72.86	20	24	54.55	16	27	62.79	25	30	54.55	27	33	55	16	52	76.47	78	58	42.65	181	134	42.54	41	74	63.79	56	180	76.27	43	147	77.37	63	120	65.57	3	5	62.5	114	135	53.78	58	199	77.43	SNP	ENST00000422467	1	missense	p.R4W	PRRC2B	ENSG00000130723
9	136383512	136383512	C	T	398	0	0	343	1	0.29	227	0	0	682	110	13.87	313	34	9.69	349	38	9.74	342	2	0.58	301	2	0.66	418	110	20.75	9	0	0	24	0	0	16	0	0	14	1	6.67	8	2	20	7	0	0	1	0	0	14	0	0	16	4	20	SNP	ENST00000298532	-1	missense	p.G553R	SNAPC4	ENSG00000165684
9	93649097	93649097	G	T	68	0	0	72	10	12.2	32	12	26.67	115	39	25.16	68	29	29.59	70	17	19.32	57	22	27.5	82	28	25.45	125	36	22.09	82	16	16.33	185	35	15.91	40	24	37.5	86	19	17.92	66	21	24.14	61	18	22.78	0	0	0	73	24	24.74	98	31	24.03	SNP	ENST00000359246	1	missense	p.D163Y	PHF2	ENSG00000197724
X	100831581	100831581	G	A	41	0	0	40	0	0	39	0	0	87	1	1.12	54	0	0	66	0	0	101	2	1.94	130	2	1.48	131	6	4.38	114	0	0	219	0	0	272	0	0	181	0	0	123	0	0	148	1	0.67	4	0	0	123	0	0	95	30	23.81	SNP	ENST00000415585	1	missense	p.R339Q	CSTF2	ENSG00000101811
X	106669309	106669309	C	T	24	0	0	13	18	58.06	0	20	100	0	18	94.74	0	42	100	0	20	100	0	35	100	0	53	100	0	45	100	0	0	0	10	2	16.67	0	2	100	0	0	0	0	2	100	0	0	0	0	4	100	0	0	0	0	0	0	SNP	ENST00000372548	1	missense	p.P806S	CXorf57	ENSG00000147231
X	141906052	141906052	T	G	172	1	0.58	213	0	0	164	20	10.81	361	62	14.49	239	37	13.31	244	57	18.69	286	37	11.38	326	50	13.19	402	55	11.9	0	0	0	0	0	0	0	0	0	0	0	0	0	0	0	0	0	0	0	0	0	0	0	0	0	0	0	SNP	ENST00000285879	1	missense	p.S216R	MAGEC1	ENSG00000155495
X	93709659	93709674	ATTAAGTGGAAATGAG	-	42	0	0	42	9	17.65	36	9	20	37	9	19.57	51	19	27.14	52	9	14.75	55	16	22.54	65	17	20.73	93	32	25.6	2	0	0	0	0	0	1	0	0	6	0	0	0	0	0	0	0	0	2	0	0	1	0	0	6	0	0	DEL	ENST00000322139	1	frame_shift_del	p.L81fs	FAM133A	ENSG00000179083
