	sample	gene_name	amino_acid	VAF	CIViC Panel VAF	Validated
2	OSCC_1	ASXL1	p.G645fs	32.48	10.4634322954381	1
4	SCLC_7	BCL2L11	p.A93V	27.27	22.4821312540611	1
5	CRC_2	BRAF	p.V600E	28.0	28.0456306500215	1
6	SCLC_1	BRAF	p.I592fs	28.77	39.230769230769205	1
8	OSCC_1	BRCA1	p.Q1356E	38.46	41.1163187047294	1
11	SCLC_1	BRCA2	p.A1431	32.61	35.1351351351351	1
12	SCLC_4	BRCA2	p.Q1931P	100.0	100.0	1
13	SCLC_2	BRCA2	p.V2205L	31.16	32.9015544041451	1
14	OSCC_4	CALR	p.M357I	46.24	44.1985968699406	1
15	SCLC_5	CCNE1	p.S391R	48.35	45.625	1
16	OSCC_4	CDKN2A	e2-1	82.8	44.2696629213483	1
17	OSCC_1	CDKN2A	p.R29*	78.69	9.33667781493868	1
19	AML_31	DNMT3A	p.R882H	46.67	39.9001288659794	1
21	SCLC_2	DNMT3A	p.L819M	30.77	25.8258258258258	1
22	SCLC_2	DNMT3A	p.L773V	25.81	24.5985401459854	1
23	SCLC_6	EZH2	p.G709S	27.59	42.6456071076012	1
24	OSCC_1	FGFR1	p.S402L	77.53	75.9590792838875	1
25	AML_31	FLT3	p.D835H	31.45	33.3208676140613	1
26	AML_31	IDH1	p.R132H	33.14	27.027027027027	1
27	AML_31	IDH2	p.R140Q	1.77	1.94585448392555	1
28	SCLC_4	IKZF1	p.L216S	29.13	35.1351351351351	1
29	SCLC_6	IKZF1	p.K15N	48.65	38.9937106918239	1
30	CRC_1	KRAS	p.G12D	8.0	8.32049306625578	1
31	CRC_3	KRAS	p.G12D	27.0	33.7243401759531	1
32	CRC_4	KRAS	p.G13D	5.0	5.31746031746032	1
34	SCLC_9	MET	p.A179T	32.26	19.5840554592721	1
38	SCLC_5	MTOR	p.K2095	27.14	26.207475850482997	1
39	HL_1	MYD88	p.L273P	2.12	3.38345864661654	1
40	SCLC_1	NOTCH1	p.Q1247*	85.12	87.6668446342766	1
41	SCLC_3	NOTCH1	e28+2	39.77	17.8014766201805	1
42	SCLC_3	NOTCH1	p.S1791fs	40.23	17.8999179655455	1
43	SCLC_3	NOTCH1	p.S1791A	42.17	17.8671041837572	1
44	SCLC_7	NOTCH1	p.S2215L	40.0	23.8822194914453	1
45	CRC_1	PIK3CA	p.E545K	9.0	9.3167701863354	1
46	OSCC_4	PIK3CA	p.G505V	30.34	31.246819338422398	1
47	OSCC_5	PIK3CA	p.E542K	40.92	42.5531914893617	1
50	SCLC_4	PTEN	e8-1	100.0	50.0	1
51	SCLC_8	PTEN	p.C71Y	94.23	0.0	0
52	SCLC_3	PTEN	p.L320S	96.05	95.7996768982229	1
54	SCLC_8	SMAD4	p.S210N	95.0	91.7517006802721	1
55	SCLC_3	SRSF2	p.R108L	47.92	68.0965147453083	1
56	CRC_5	STK11	p.T328N	32.0	0.0	0
57	CRC_5	TET2	p.T1257M	36.0	38.5093167701863	1
58	HL_1	TET2	p.A1379S	9.07	12.837837837837801	1
59	HL_1	TET2	p.A1379V	9.15	13.0630630630631	1
60	HL_1	TET2	p.S1848*	16.92	12.8571428571429	1
61	AML_31	TP53	p.G266R	0.04	0.0	0
62	CRC_2	TP53	p.V216E	47.0	44.403198172472905	1
63	SCLC_1	TP53	p.V216A	17.35	23.7455197132616	1
64	CRC_3	TP53	p.R273C	34.0	32.592043489004205	1
65	OSCC_5	TP53	p.R141C	21.78	36.3353433184205	1
66	CRC_4	TP53	p.R175H	9.0	5.72687224669604	1
67	CRC_5	TP53	p.R282W	47.0	52.1300448430493	1
69	OSCC_1	TP53	p.H47Y	50.86	48.0978260869565	1
70	OSCC_1	TP53	p.W53*	13.33	19.319562575941703	1
74	OSCC_5	TP53	p.G22V	36.7	36.4225211758844	1
75	SCLC_9	TP53	p.P278S	92.45	73.29236587095251	1
76	SCLC_9	TP53	p.P278S	46.81	73.29236587095251	1
77	SCLC_9	TP53	p.P278S	82.35	73.29236587095251	1
78	SCLC_9	TP53	p.P278S	92.73	73.29236587095251	1
79	SCLC_9	TP53	p.P278S	100.0	73.29236587095251	1
80	SCLC_9	TP53	p.P278S	86.96	73.29236587095251	1
81	SCLC_5	TP53	p.A159P	83.33	85.579589572934	1
82	SCLC_1	TP53	p.R158fs	80.49	77.7593360995851	1
83	SCLC_4	TP53	p.P278L	88.89	94.2222222222222	1
84	SCLC_8	TP53	p.G105V	95.83	90.9348441926346	1
85	SCLC_2	TP53	p.A138P	71.67	66.4661654135338	1
86	SCLC_3	TP53	p.P250L	96.91	95.5042527339004	1
87	SCLC_6	TP53	p.D208V	79.41	78.29076620825151	1
88	SCLC_7	TP53	p.D49fs	43.75	62.90115532734279	1
